"","Datetime","Country","Biomass","Fossil.Brown.coal.Lignite","Fossil.Coal.derived.gas","Fossil.Gas","Fossil.Hard.coal","Fossil.Oil","Fossil.Peat","Geothermal","Hydro.Pumped.Storage","Hydro.Run.of.river.and.poundage","Hydro.Water.Reservoir","Nuclear","Other","Other.renewable","Solar","Waste","Wind.Offshore","Wind.Onshore"
"1",2016-01-01,"CTA|National Grid",0,0,0,10091482,4684639,0,0,0,275437.5,506790,0,5650137.5,1484275.5,0,196756,0,1869233.5,2269749.5
"2",2016-02-01,"CTA|National Grid",0,0,0,9044286,4882883,0,0,0,247894,461666,0,5207601,1346705,0,428423,0,1433030.5,1932302
"3",2016-03-01,"CTA|National Grid",0,0,0,10785890,4107867.5,0,0,0,268657.5,365057,0,5261820,1469749,0,781079,0,972397.5,1389454.5
"4",2016-04-01,"CTA|National Grid",0,0,0,10916016.5,1754657.5,0,0,0,243177.5,248886.5,0,4986476,1368946,0,994528.5,0,953311.5,1482788
"5",2016-05-01,"CTA|National Grid",0,0,0,9718952,893466,0,0,0,223415,182648,0,5191388,1419676.5,0,1317059,0,985418,1385536
"6",2016-06-01,"CTA|National Grid",0,0,0,9932331.5,1399876.5,0,0,0,232157,95690.5,0,5374887.5,1076819.5,0,1136152.5,0,546257,872908.5
"7",2016-07-01,"CTA|National Grid",0,0,0,9547058.5,769836,0,0,0,220267.5,204661.5,0,5888000,779679,0,1270773,0,762387.5,1266468.5
"8",2016-08-01,"CTA|National Grid",0,0,0,9393290.5,507872,0,0,0,243958.5,236241,0,5804951.5,744140.5,0,1228805,0,883827,1381396
"9",2016-09-01,"CTA|National Grid",0,0,0,9881663.5,984373,0,0,0,234833.5,254354,0,5694720,940899,0,857995,0,818131,1488409.5
"10",2016-10-01,"CTA|National Grid",0,0,0,12425216,1873177,0,0,0,278724.5,226352,0,5636013.5,848778.5,0,654011,0,904031,1282204.5
"11",2016-11-01,"CTA|National Grid",0,0,0,12586498,3062219.5,0,0,0,272476.5,210785,0,5810234.5,1153221,0,384281.5,0,1191997.5,1545093
"12",2016-12-01,"CTA|National Grid",0,0,0,12347365,2943475.5,0,0,0,270591.5,373415,0,5909163.5,1483648,0,238089.5,0,1133497,2135890
"13",2017-01-01,"CTA|National Grid",0,0,0,13054720.5,4659091,0,0,0,291294.5,529536,0,5417180,1512449,0,292856.5,0,1118654,2033712
"14",2017-02-01,"CTA|National Grid",0,0,0,9339969.5,3459867.5,0,0,0,245195,457440.5,0,5370938.5,1382292.5,0,370904.5,0,1282170,2309648
"15",2017-03-01,"CTA|National Grid",0,0,0,10517749,1446582.5,0,0,0,260286,612765,0,5480002.5,1482925,0,877681.5,0,1325152.5,2145014.5
"16",2017-04-01,"CTA|National Grid",0,0,0,9887162.5,393379,0,0,0,230812.5,180495,0,5032747.5,1183199,0,1247236.5,0,853175,2011677.5
"17",2017-05-01,"CTA|National Grid",0,0,0,9446546,473935.5,0,0,0,240316,118551.5,0,5635643,1465993,0,1382910,0,906509.5,1539578.5
"18",2017-06-01,"CTA|National Grid",0,0,0,8185073,428291,0,0,0,225837,143884,0,5828815.5,853909.5,0,1357324.5,0,1038170,1870610.5
"19",2017-07-01,"CTA|National Grid",0,0,0,8664804,412146.5,0,0,0,247334.5,164165,0,5418226,1315081,0,1374646.5,0,812433,1584435.5
"20",2017-08-01,"CTA|National Grid",0,0,0,7906736,454798.5,0,0,0,194079,249206.5,0,5723487,1321559.5,0,1214074,0,870197,1602371.5
"21",2017-09-01,"CTA|National Grid",0,0,0,8828036,1016874,0,0,0,202010.5,293173.5,0,5511985,745448,0,832590,0,1245527.5,1901689
"22",2017-10-01,"CTA|National Grid",0,0,0,9937298.5,885981,0,0,0,264874,388050.5,0,5534398,687462.5,0,548528,0,1856825.5,2705203.5
"23",2017-11-01,"CTA|National Grid",1042031.5,0,0,11118033.5,3021278.5,0,0,0,246308.5,381722,0,4860699,95454.5,0,384010,0,1574130,2461611.5
"24",2017-12-01,"CTA|National Grid",1144373,0,0,11078829.5,3696926,0,0,0,257485.5,397251.5,0,4984319.5,69952.5,0,240309.5,0,1700488,2560954
"25",2018-01-01,"CTA|National Grid",853718,0,0,11926056.5,1497697,0,0,0,251372.5,334988,0,5141750,55731.5,0,280496.5,0,1799265,2957814.5
"26",2018-02-01,"CTA|National Grid",929992.5,0,0,10285001.5,2698967,0,0,0,232637.5,306792.5,0,5028363,44351.5,0,605304,0,1350395,2170364.5
"27",2018-03-01,"CTA|National Grid",1228421.5,0,0,10281746.5,3894456,0,0,0,272828,207485,0,5298399,70630,0,721199.5,0,1413221,2657335
"28",2018-04-01,"CTA|National Grid",1294431,0,0,9956276.5,494845.5,0,0,0,245874,245011.5,0,5105621,88261.5,0,1023363.5,0,1153478,2143148
"29",2018-05-01,"CTA|National Grid",1512640,0,0,8999787,249210.5,0,0,0,207821.5,211093,0,5069713,76344.5,0,1689808.5,0,903602,1596232.5
"30",2018-06-01,"CTA|National Grid",1204505.5,0,0,8987536.5,169451.5,0,0,0,223701,102312.5,0,5261261.5,59152.5,0,1700746,0,743549.5,1225930.5
"31",2018-07-01,"CTA|National Grid",1248501,0,0,9903061.5,140528,0,0,0,184041.5,88660,0,5227670,25704,0,1695912.5,0,613680,1086547.5
"32",2018-08-01,"CTA|National Grid",1405337,0,0,8321485,298709,38,0,0,180397.5,157111,0,5538609.5,86098,0,1208952.5,0,909076,1685568.5
"33",2018-09-01,"CTA|National Grid",1421635.5,0,0,6654203.5,1252866,0,0,0,169884.5,283024,0,5142804,74909,0,1012519,0,1512717,2483168.5
"34",2018-10-01,"CTA|National Grid",1683289.5,0,0,9602071.5,941696.5,0,0,0,191692.5,440909.5,0,4251494,59629,0,727519.5,0,1592743.5,2642027.5
"35",2018-11-01,"CTA|National Grid",1598184.5,0,0,9440803,2273695.5,0,0,0,184375.5,377465,0,4422179.5,25781,0,334757.5,0,1809119.5,2938852.5
"36",2018-12-01,"CTA|National Grid",1637757.5,0,0,10430980,1390844.5,0,0,0,195737,434707.5,0,4869013.5,45733.5,0,195346.5,0,1634659,2748356.5
"37",2016-01-01,"Austria (AT)",450788,0,0,2438276,481278.5,0,0,0,732510,2768420.5,395387.5,0,32736,0,42064,148800,0,773950
"38",2016-02-01,"Austria (AT)",429240,0,0,1979757.5,317377.5,0,0,0,842740,4222128,354916,0,30624,0,88264.5,139200,0,1251912.5
"39",2016-03-01,"Austria (AT)",458444,0,0,1555646,366157.5,0,0,0,839162,3623377,314279.5,0,32692,0,158258.5,148600,0,1054191
"40",2016-04-01,"Austria (AT)",421972,0,0,1016338,245167,0,0,0,694804.5,4871012.5,512291.5,0,31680,0,210685.5,144000,0,997647.5
"41",2016-05-01,"Austria (AT)",435160,0,0,244327,0,0,0,0,816456,6262970.5,767787.5,0,32736,0,237575,148800,0,1005477.5
"42",2016-06-01,"Austria (AT)",405744,0,0,147570.5,19723.5,0,0,0,863504,6923049.5,1309263,0,31680,0,217243.5,144000,0,459301.5
"43",2016-07-01,"Austria (AT)",414260,0,0,146656.5,0,0,0,0,886543.5,6637296.5,1491460.5,0,32736,0,232388.5,148800,0,740266
"44",2016-08-01,"Austria (AT)",397542,0,0,81765.5,0,0,0,0,815665.5,6156303.5,1252964.5,0,32736,0,237388.5,148800,0,694539.5
"45",2016-09-01,"Austria (AT)",416448,0,0,934549.5,1458,0,0,0,811316.5,4390151.5,829208,0,31680,0,197645,144000,0,443617
"46",2016-10-01,"Austria (AT)",424414,0,0,1620280,480143,0,0,0,914859.5,3783435.5,697066.5,0,32780,0,118701,149000,0,935193
"47",2016-11-01,"Austria (AT)",360396,0,0,2454385,487900.5,0,0,0,783094,3981321,487954,0,31680,0,73592.5,144000,0,1194433
"48",2016-12-01,"Austria (AT)",456542,0,0,3107960.5,532510.5,0,0,0,1168731.5,2811184,677014,0,32736,0,54103,148800,0,1078890.5
"49",2017-01-01,"Austria (AT)",454354,0,0,4437712.5,621966.5,0,0,0,1117222.5,2240899,584771.5,0,32736,0,39633,148800,0,1260292
"50",2017-02-01,"Austria (AT)",417904,0,0,3053364.5,397212.5,0,0,0,628517,2731889.5,204226,0,29568,0,102934.5,134400,0,887149
"51",2017-03-01,"Austria (AT)",453350,0,0,1859033.5,315043.5,0,0,0,704107.5,4514108.5,348889,0,32692,0,185415.5,148600,0,1279391
"52",2017-04-01,"Austria (AT)",438908,0,0,1074890,131730.5,0,0,0,645540,4235820.5,484832,0,31680,0,231440,144000,0,1439794
"53",2017-05-01,"Austria (AT)",442398,0,0,288000,30414,0,0,0,636477.5,5949386,911855.5,0,32736,0,306421,148800,0,1033417
"54",2017-06-01,"Austria (AT)",412996,0,0,815488.5,31013.5,0,0,0,622670,4750619.5,921815,0,31680,0,304087,144000,0,561698.5
"55",2017-07-01,"Austria (AT)",424776,0,0,718280.5,16578,0,0,0,562629.5,5094075,1234288.5,0,32736,0,293005,148800,0,871123.5
"56",2017-08-01,"Austria (AT)",387214,0,0,681818,20457,0,0,0,996088.5,5559852.5,1299889,0,32736,0,301123.5,148800,0,813320.5
"57",2017-09-01,"Austria (AT)",436112,0,0,777414.5,52720.5,0,0,0,890417.5,5775668.5,1201064,0,31680,0,210506.5,144000,0,1170703
"58",2017-10-01,"Austria (AT)",445422,0,0,1491557,291671,0,0,0,757681.5,4454054.5,738521,0,32780,0,167410,149000,0,1388750.5
"59",2017-11-01,"Austria (AT)",430048,0,0,2269261,474651.5,0,0,0,917072.5,4365471,675949,0,31680,0,86510.5,144000,0,1142378.5
"60",2017-12-01,"Austria (AT)",456782,0,0,1991631,430290,0,0,0,853656,4038948,608805,0,32736,0,60101,148800,0,1604423
"61",2018-01-01,"Austria (AT)",474504,0,0,2281191,432680.5,0,0,0,994811.5,5055364.5,735799,0,32736,0,67945,148800,0,1198056.5
"62",2018-02-01,"Austria (AT)",422440,0,0,2456436.5,437337.5,0,0,0,1129606.5,3289717,760669.5,0,29568,0,97250,134400,0,895828
"63",2018-03-01,"Austria (AT)",457388,0,0,1862425,468928,0,0,0,886755.5,3463555.5,530752,0,32692,0,187762,148600,0,1131413.5
"64",2018-04-01,"Austria (AT)",418158,0,0,473770,99974,0,0,0,624663,5931821,760947,0,31680,0,326285,144000,0,1349437.5
"65",2018-05-01,"Austria (AT)",425758,0,0,215310,0,0,0,0,875100,6364534.5,1339872.5,0,32736,0,370494,148800,0,679048
"66",2018-06-01,"Austria (AT)",398206,0,0,367044,0,0,0,0,691954.5,5513695.5,1202835.5,0,31680,0,380062,144000,0,1018559
"67",2018-07-01,"Austria (AT)",409874,0,0,405338,0,0,0,0,605410.5,4111997.5,961427.5,0,32736,0,409176.5,148800,0,837756.5
"68",2018-08-01,"Austria (AT)",412326,0,0,613865.5,0,0,0,0,531616,3466347,826178.5,0,32736,0,361761,148800,0,678380.5
"69",2018-09-01,"Austria (AT)",420088,0,0,913764.5,148582,0,0,0,602204.5,3842368.5,579624,0,31680,0,275384,144000,0,801731
"70",2018-10-01,"Austria (AT)",437998,0,0,1423706.5,384316.5,0,0,0,714292,3015416.5,530293,0,32780,0,207968,149000,0,1453826
"71",2018-11-01,"Austria (AT)",425460,0,0,2288864,434371.5,0,0,0,987568.5,3040683.5,569082.5,0,31680,0,106924,144000,0,1109608
"72",2018-12-01,"Austria (AT)",447962,0,0,3031977,438649,0,0,0,748951.5,3631901.5,504376,0,32736,0,56098,148800,0,1638850
"73",2016-01-01,"Belgium (BE)",119059.5,0,0,928597,87406,527.5,0,0,54343.5,13496.5,0,2119974,227551.5,0,36529,86574,165560.5,162445.5
"74",2016-02-01,"Belgium (BE)",109543.5,0,0,769311,24807.5,36.5,0,0,51678,12042,0,1959185.5,217781,0,67495,86705.5,127393,150798
"75",2016-03-01,"Belgium (BE)",110073,0,0,851620,53548.5,25,0,0,46595.5,14498.5,0,2029242.5,230068,0,117886.5,68642,104865,111796
"76",2016-04-01,"Belgium (BE)",95474,0,0,704986.5,0,213.5,0,0,41081.5,13110.5,0,1881661,208152.5,0,162544,74065.5,89484,90242
"77",2016-05-01,"Belgium (BE)",113062,0,0,626505.5,0,0,0,0,43837,9850,0,1580618,187832.5,0,205257,75355,78653.5,70529.5
"78",2016-06-01,"Belgium (BE)",119955.5,0,0,623939.5,0,282.5,0,0,48539.5,12913,0,1565669.5,169116,0,166147,59113,70212,58719.5
"79",2016-07-01,"Belgium (BE)",121327,0,0,695827.5,0,282.5,0,0,37933,8111.5,0,1768885.5,157783,0,203634.5,71490,77126,65408
"80",2016-08-01,"Belgium (BE)",113707.5,0,0,750435.5,0,69.5,0,0,23147,5112,0,1968293,169753,0,189882.5,69862,87564.5,78114.5
"81",2016-09-01,"Belgium (BE)",62753.5,0,0,868398,0,88.5,0,0,35206.5,2397,0,1533407,171380,0,154608.5,57343,64462.5,63582
"82",2016-10-01,"Belgium (BE)",112373.5,0,0,1242561,0,897.5,0,0,57599,2263,0,1147414,224332,0,85475.5,71960,83361,67581
"83",2016-11-01,"Belgium (BE)",85881.5,0,0,1218600,0,337.5,0,0,55617,3926,0,1404014.5,222461.5,0,41059.5,73738.5,122121,110063.5
"84",2016-12-01,"Belgium (BE)",106068,0,0,1279918,0,106,0,0,53633,2839.5,0,1756918,235482,0,32226.5,74077,89926,90548
"85",2017-01-01,"Belgium (BE)",121193,0,0,1245078,0,2141,0,0,60008,4925,0,1814161.5,261461.5,0,39864.5,95070.5,97783.5,86287.5
"86",2017-02-01,"Belgium (BE)",113964,0,0,966185.5,0,190.5,0,0,47694.5,10185,0,1678194,219996.5,0,46960.5,84972,123280.5,125262.5
"87",2017-03-01,"Belgium (BE)",116640,0,0,899979.5,0,11.5,0,0,47056,13441,0,1744427,223971,0,128750,84463.5,137399,151783.5
"88",2017-04-01,"Belgium (BE)",107054,0,0,949612,0,3,0,0,37090.5,4892,0,1040973.5,209941,0,169184.5,86091,65288,72387.5
"89",2017-05-01,"Belgium (BE)",121399,0,0,787434.5,0,136,0,0,44645,2783.5,0,1348407,187933,0,206102,82586,84659.5,72652.5
"90",2017-06-01,"Belgium (BE)",113572.5,0,0,691100.5,0,58,0,0,42097,1439.5,0,1798557,159687.5,0,215974,73391,103807,100410.5
"91",2017-07-01,"Belgium (BE)",102609.5,0,0,744308,0,0,0,0,35991,1575,0,2045444.5,173210,0,198343,89996.5,98729,97166.5
"92",2017-08-01,"Belgium (BE)",112072.5,0,0,695960.5,0,95.5,0,0,35049.5,1716,0,2056941,189851.5,0,167547.5,90435,78748,74715.5
"93",2017-09-01,"Belgium (BE)",96216,0,0,724590,0,95,0,0,41957,3934,0,1807564,207678.5,0,131131.5,78769,91264,98301.5
"94",2017-10-01,"Belgium (BE)",105864,0,0,1013924,0,359.5,0,0,53329,3643,0,1467247,218514,0,81835.5,95445,187193.5,155366.5
"95",2017-11-01,"Belgium (BE)",125297.5,0,0,1133246.5,0,1406,0,0,51651,7373,0,1466666.5,253357.5,0,42160,95503,144338,119103.5
"96",2017-12-01,"Belgium (BE)",131685,0,0,1060085,0,1036.5,0,0,58462,13197.5,0,1824798.5,234853,0,16264,92049.5,183290.5,165848.5
"97",2018-01-01,"Belgium (BE)",126888.5,0,0,757030.5,0,286,0,0,58989,10496.5,0,1837477.5,254427,0,27220,90176,180893.5,201515
"98",2018-02-01,"Belgium (BE)",116852,0,0,913435,0,114,0,0,41390.5,13256,0,1669061,241854,0,97295,86988,159455.5,138579.5
"99",2018-03-01,"Belgium (BE)",96228.5,0,0,868537.5,0,198.5,0,0,54276,14255,0,1819476.5,264662,0,113903.5,87694,135821.5,158335
"100",2018-04-01,"Belgium (BE)",120306.5,0,0,562890.5,0,396.5,0,0,52480.5,11304.5,0,1359699,221709,0,182046,82539,98223.5,112784.5
"101",2018-05-01,"Belgium (BE)",108402.5,0,0,611144.5,0,24,0,0,45548,6488.5,0,1226686,200672.5,0,258422,89259.5,85691,79048
"102",2018-06-01,"Belgium (BE)",124442,0,0,776074,0,159.5,0,0,32188.5,6501,0,1048080,175869,0,231847,80475.5,105549.5,78608.5
"103",2018-07-01,"Belgium (BE)",119166,0,0,913666,0,158,0,0,30361,1981.5,0,1101630,164860.5,0,277596,89861,66180.5,72932.5
"104",2018-08-01,"Belgium (BE)",107326,0,0,952759,0,130.5,0,0,21385.5,1360.5,0,953510,195648,0,211019,89916.5,104048.5,92656
"105",2018-09-01,"Belgium (BE)",82776,0,0,862181.5,0,161.5,0,0,34044,1007,0,699261,219092,0,171997,83369.5,140754,96328.5
"106",2018-10-01,"Belgium (BE)",87301,0,0,1362061,0,375.5,0,0,45542.5,1039,0,505670,241124,0,121047.5,92911.5,164352.5,118416
"107",2018-11-01,"Belgium (BE)",121180.5,0,0,1488840,0,158.5,0,0,43868,1723.5,0,574631.5,276687.5,0,55303,92166.5,194985.5,148179.5
"108",2018-12-01,"Belgium (BE)",99102,0,0,1083008.5,0,34,0,0,39808.5,12206.5,0,830654,274581,0,28298.5,99087,224569,183322
"109",2016-01-01,"Germany (DE)",6922991.5,23525316.5,0,4912768,16131161,296641,0,28316.5,1902371,1852414.5,94955.5,15626729.5,6680805.5,240776,1308628.5,489648,2765245.5,15753052
"110",2016-02-01,"Germany (DE)",6551984,21203899.5,0,3369998,13057914.5,277283.5,0,25546,1747826.5,2162262.5,94522,14437568.5,5977804.5,209778,2498347.5,489615.5,2303886.5,17334771
"111",2016-03-01,"Germany (DE)",6954323,22045856.5,0,3013142,15638786.5,300766.5,0,34718.5,1653243,2588992.5,131972.5,15374451,8366858,248926.5,4740238,500794.5,1685496.5,10237935.5
"112",2016-04-01,"Germany (DE)",6722171.5,21484891.5,0,2261921.5,13338606,182060.5,0,28442,1564320,3106674,138008,10254910.5,5590643.5,212543,7417158,475576.5,1768745.5,10028396.5
"113",2016-05-01,"Germany (DE)",6823887.5,20089652,0,2373446.5,10630875,257604.5,0,26496.5,1603058,3623189.5,124951,9726518.5,5228959,197456,9433530.5,454480,1832923,10371247.5
"114",2016-06-01,"Germany (DE)",6143719,18525980,0,2569538,12815755.5,317822.5,0,25142,1500846.5,3580566,113975,11628847,4942547,157605,9149645,425715.5,1030699.5,5320118.5
"115",2016-07-01,"Germany (DE)",6450940.5,21253253,0,2828171,11763891,317778,0,19679,1517560.5,3987644,181433.5,12276063.5,5197063,142074,9671549,477512.5,1528713.5,7760117
"116",2016-08-01,"Germany (DE)",6482341.5,21067158.5,0,4014279,10819014,318911.5,0,26201.5,1597056.5,3805052.5,254115.5,14028241.5,4910475,163680,9245046.5,506710,1751613,7738322
"117",2016-09-01,"Germany (DE)",6345448.5,22016904.5,0,4887915,13181565,260805,0,23503,1556539.5,3004240.5,165397,13688119,6151196,170821,7587628.5,503096,1386766.5,6844560
"118",2016-10-01,"Germany (DE)",6444638,22880143.5,0,5318047,13817556.5,330184,0,31093,1733311,2190873.5,111142.5,15165184,8999009,208280.5,3225926,468592.5,2341683.5,7974613.5
"119",2016-11-01,"Germany (DE)",6496875.5,23106332.5,0,5252713.5,14988995.5,289462,0,32812.5,1888526.5,2266887.5,101961,14848100.5,8826628.5,247968,2008453,456054,2600688.5,13449026.5
"120",2016-12-01,"Germany (DE)",6765526.5,22150971.5,0,6108099.5,14210434.5,328599,0,33015.5,1821602.5,2080420.5,126315.5,12141185,8174933.5,247578,1542656.5,473460,2465249.5,15193006.5
"121",2017-01-01,"Germany (DE)",7031828.5,23361236.5,0,7452714,19057696.5,400801,0,30075.5,2019239.5,1638878,75293.5,11449021.5,10520792,255940,1596844.5,454295,2460131,13219592
"122",2017-02-01,"Germany (DE)",6632572,21014994.5,0,5044258.5,14068787.5,276771.5,0,29730,1823385,1719157.5,68373,9087107,8673541,309952,2969938,447288.5,3803183,15956304.5
"123",2017-03-01,"Germany (DE)",7237758,23060310.5,0,4382333,11771238.5,283905.5,0,26345.5,2015192,2388403.5,86187,9701924.5,7809148,310517.5,6461197,516847.5,2972023,15632187
"124",2017-04-01,"Germany (DE)",6836326,21821491.5,0,3575321.5,9162757,265449.5,0,27603.5,1886558,2208815,102430,9528578,5376901,289359,7713707.5,516694,2791305.5,13390906.5
"125",2017-05-01,"Germany (DE)",6839347.5,21748148,0,3598745.5,10866654.5,283509.5,0,23204,1696220.5,2929886,90326,11299977,5714277,274314.5,10240624.5,492782,2414658.5,8955954.5
"126",2017-06-01,"Germany (DE)",6390726.5,20250129.5,0,3573500.5,7659438.5,275020,0,21907.5,1667846.5,2872633.5,131959.5,12696779,5041681,215271,10733721,429248,2496683.5,11748435
"127",2017-07-01,"Germany (DE)",6529713.5,20728875.5,0,4547425,8998092,288475,0,22599.5,1513475,2894899,129352,10690153.5,6680921.5,213466,9772679,447298.5,1868863.5,9143606.5
"128",2017-08-01,"Germany (DE)",6485586,22396182,0,2574643,8027007,293133,0,25785,1610328,2946403,143837,14183189.5,5149773,237669,9205575.5,473497,2248892,8752869
"129",2017-09-01,"Germany (DE)",5938001.5,20962970.5,0,3328209.5,11592585.5,290401.5,0,28851,1722391.5,2874358.5,110808.5,12776264,6363380,226382,6158574.5,501327,2018615.5,10535216
"130",2017-10-01,"Germany (DE)",6569077.5,20656269.5,0,3769331,8526683,296614.5,0,28884.5,1956809.5,2486726,99772,14723400,5930131.5,258783,4260633,496198,4425890.5,20538356
"131",2017-11-01,"Germany (DE)",6764367,22321736,0,5402144.5,12536567.5,294006.5,0,26803,1826753,2513697.5,92362,13811032,8058789,292880.5,1662035,536718,3288374,17254033.5
"132",2017-12-01,"Germany (DE)",7167603.5,20250849.5,0,4538086,9743511.5,282537.5,0,34147,2133373,2492834.5,82748.5,14480527,7195719.5,298303,990832.5,515699.5,4049002.5,25345035
"133",2018-01-01,"Germany (DE)",7218150,22208865.5,0,8074395,10323287.5,288922,0,34928.5,2322459.5,2678004,94351,13388698.5,820307.5,293162.5,1460289.5,535177.5,3763954.5,25141791
"134",2018-02-01,"Germany (DE)",6470547,22381370.5,0,10130906.5,16122263.5,287672,0,34276,1774705,2260638.5,79660,12189417,477043,288924.5,3660999,450468.5,3079979.5,12819132
"135",2018-03-01,"Germany (DE)",6888987,22582370.5,0,8255524,15747968.5,278386,0,29352,2133482,2169146,77762,12351640,586507,300657.5,5407819.5,531376.5,3234894.5,18104600.5
"136",2018-04-01,"Germany (DE)",6519226,20399305.5,0,4524274.5,8332836,333570,0,28938.5,2364398.5,2781964,86206.5,10362728.5,748981.5,250257.5,9670664.5,534574,3186208,14620084
"137",2018-05-01,"Germany (DE)",6847842.5,20330613.5,0,4385217.5,7565503,294691.5,0,28736.5,2166747,3260521,94732,9745410,428609,250628.5,11862957.5,526133.5,2601504,11804226.5
"138",2018-06-01,"Germany (DE)",6426952,22090343.5,0,4976377,9228271,389651,0,23137,1732626,3074890,200828,11397115,573273,213120,10673483.5,155511,2247161,9243931
"139",2018-07-01,"Germany (DE)",6435397,23065974,0,6692270,12469795,305011.5,0,21052.5,1400154.5,2523931,257136.5,12314325,665749,206832,12333797.5,359073,1513784.5,7347943.5
"140",2018-08-01,"Germany (DE)",6547907,21953298,0,6243416,10921653.5,538403,0,16299,1772762.5,2211714,244602.5,13048663,1557641,199392,10366928.5,736814,2152109.5,10109056.5
"141",2018-09-01,"Germany (DE)",6255374.5,20832598.5,16874.5,5736622.5,11959079,667487,0,22917.5,2097818,2108267.5,195746,11200833,308594,185760,8138634,714884,3569473.5,12387815.5
"142",2018-10-01,"Germany (DE)",6733589.5,21331991.5,15151,7623560.5,14083449.5,735182.5,0,31363,2150150,1835776.5,178116,11490559.5,417310.5,181780,5497168,711498,4016565.5,17464799
"143",2018-11-01,"Germany (DE)",6901242,21269826.5,0,10066047.5,14990335.5,743462.5,0,33774.5,1653279.5,1751951,159014,12651422.5,574658,184320,2341911,723039,3950288.5,15932577.5
"144",2018-12-01,"Germany (DE)",7124173,18276964,0,9207837.5,11346083,731557.5,0,28564,2036402.5,2053765,136582.5,13542502,563249,174096,1049327,765902.5,4834616.5,24019150
"145",2016-01-01,"Denmark (DK)",24838,0,0,320668,541224.5,8885.5,0,0,0,0,0,0,0,0,5357.5,57364.5,246042,439387.5
"146",2016-02-01,"Denmark (DK)",18205.5,0,0,213745.5,446244.5,9287.5,0,0,0,0,0,0,0,0,17116,51946.5,218687,374648
"147",2016-03-01,"Denmark (DK)",26659.5,0,0,248168.5,510550.5,9966.5,0,0,0,0,0,0,0,0,28086.5,61311.5,148706.5,238849.5
"148",2016-04-01,"Denmark (DK)",25042,0,0,217376.5,360917,9214.5,0,0,0,0,0,0,0,0,40362.5,60494,181203,308483
"149",2016-05-01,"Denmark (DK)",18094,0,0,103591,275477,10315.5,0,0,0,0,0,0,0,0,62429,60466.5,163349,230073
"150",2016-06-01,"Denmark (DK)",6475,0,0,90991,234342,9711.5,0,0,0,0,0,0,0,0,56809.5,53213.5,129926,186782
"151",2016-07-01,"Denmark (DK)",6959.5,0,0,66418.5,302528,8399,0,0,0,0,0,0,0,0,50447,65596,145112.5,230556.5
"152",2016-08-01,"Denmark (DK)",9722,0,0,65919,326269.5,8252.5,0,0,0,0,0,0,0,0,47679,55958.5,184467.5,290095
"153",2016-09-01,"Denmark (DK)",10765,0,0,56113,324551.5,7840,0,0,0,0,0,0,0,0,38868,54793.5,134681,204129
"154",2016-10-01,"Denmark (DK)",23230,0,0,209349,449442,7903,0,0,0,0,0,0,0,0,15677.5,56278.5,243789.5,336674.5
"155",2016-11-01,"Denmark (DK)",25002,0,0,276851.5,525668,8091.5,0,0,0,0,0,0,0,0,8723,62292.5,251188.5,378522
"156",2016-12-01,"Denmark (DK)",28143.5,0,0,273192.5,471726.5,10969,0,0,0,0,0,0,0,0,4472,64228.5,234527.5,443853.5
"157",2017-01-01,"Denmark (DK)",322018.5,0,0,147026,395644,8262.5,0,0,0,0,0,0,0,0,6984.5,62438,201919,340577.5
"158",2017-02-01,"Denmark (DK)",288015.5,0,0,112842,365469,43910.5,0,0,0,0,0,0,0,0,10240.5,53412,252173,433175.5
"159",2017-03-01,"Denmark (DK)",274267.5,0,0,129211,377791,51701,0,0,0,0,0,0,0,0,29732,65050,214008.5,401616
"160",2017-04-01,"Denmark (DK)",236822.5,0,0,86119.5,216043.5,49137,0,0,0,0,0,0,0,0,46199.5,55561,216446,402703
"161",2017-05-01,"Denmark (DK)",154001,0,0,51124.5,138782,52004,0,0,0,0,0,0,0,0,62700,57853,171286.5,320462
"162",2017-06-01,"Denmark (DK)",65789.5,0,0,31138,56154,47087,0,0,0,0,0,0,0,0,57235,46394.5,212880,420019
"163",2017-07-01,"Denmark (DK)",29572.5,0,0,38843,107145,48831.5,0,0,0,0,0,0,0,0,55032.5,48924.5,152885.5,297675
"164",2017-08-01,"Denmark (DK)",62336,0,0,44644,114798.5,47463.5,0,0,0,0,0,0,0,0,48948,43634.5,166884,300070.5
"165",2017-09-01,"Denmark (DK)",118768,0,0,58846.5,168816.5,32264,0,0,0,0,0,0,0,0,31810.5,39753,159950.5,255507.5
"166",2017-10-01,"Denmark (DK)",153165.5,0,0,79277,205540,5996.5,0,0,0,0,0,0,0,0,19332.5,51407.5,271339.5,507928.5
"167",2017-11-01,"Denmark (DK)",220609,0,0,122038,272430.5,9110,0,0,0,0,0,0,0,0,10240,57480.5,238021,421410
"168",2017-12-01,"Denmark (DK)",245488,0,0,140848.5,287673,9423.5,0,0,0,0,0,0,0,0,5455,59850,283550.5,560941.5
"169",2018-01-01,"Denmark (DK)",270133.5,0,0,195743.5,343002,10283,0,0,0,0,0,0,0,0,6622,56349.5,228311.5,434913
"170",2018-02-01,"Denmark (DK)",271848.5,0,0,206081,446015,10681,0,0,0,0,0,0,0,0,16713,48667.5,186112.5,381779.5
"171",2018-03-01,"Denmark (DK)",294194,0,0,176637.5,590101.5,11180,0,0,0,0,0,0,0,0,25251,48808,199556.5,447775.5
"172",2018-04-01,"Denmark (DK)",175562.5,0,0,110306,328066.5,9084,0,0,0,0,0,0,0,0,52355.5,50634,193800.5,386215.5
"173",2018-05-01,"Denmark (DK)",89832,0,0,66445.5,164254,8619,0,0,0,0,0,0,0,0,84023,46655.5,125480.5,258957.5
"174",2018-06-01,"Denmark (DK)",6970,0,0,55526,87801.5,6820.5,0,0,0,0,0,0,0,0,77141.5,55198,146672,338958.5
"175",2018-07-01,"Denmark (DK)",4498.5,0,0,55675.5,198147.5,6709,0,0,0,0,0,0,0,0,83748,57439.5,104368,262003.5
"176",2018-08-01,"Denmark (DK)",93749,0,0,64191,99715.5,6002,0,0,0,0,0,0,0,0,54195,50467.5,157115,325416
"177",2018-09-01,"Denmark (DK)",89970,0,0,74148,120914,5988.5,0,0,0,0,0,0,0,0,40197,41797.5,228381.5,505399.5
"178",2018-10-01,"Denmark (DK)",168633.5,0,0,104329.5,198919,6975.5,0,0,0,0,0,0,0,0,28469.5,61826,236792.5,519048
"179",2018-11-01,"Denmark (DK)",226091,0,0,144238,258228.5,9007.5,0,0,0,0,0,0,0,0,9100,49669.5,179843,391901
"180",2018-12-01,"Denmark (DK)",230716.5,0,0,168626.5,377941,11316.5,0,0,0,0,0,0,0,0,4236.5,52098,231833.5,503854.5
"181",2016-01-01,"Spain (ES)",171908,98870.5,0,1756327.5,1215624.5,129243.5,0,0,0,382786.5,1484753,2296187.5,32035.5,27203,195241,82147.5,0,2825543
"182",2016-02-01,"Spain (ES)",164633,26925,0,1349690.5,885953,114344,0,0,0,406879.5,1765916,1977729,32098,24804,288522.5,67203.5,0,3042750.5
"183",2016-03-01,"Spain (ES)",166023,26471,0,1390125.5,827310,112618.5,0,0,0,553384,1807270,2585703,33425.5,25528,521333,76154,0,2718469.5
"184",2016-04-01,"Spain (ES)",89590,0,0,1339992.5,457819.5,94684,0,0,0,634570.5,2175474.5,2518682,18525.5,27323.5,538453,78717.5,0,2234597.5
"185",2016-05-01,"Spain (ES)",115206,25787,0,1510002.5,500244.5,96965,0,0,0,600596,2054943,1940698.5,5001,28992.5,621587,80890,0,1966468
"186",2016-06-01,"Spain (ES)",118470,38663.5,0,1769660,991753.5,104298.5,0,0,0,441686,1080980.5,2410104,20209.5,31153,831551.5,90344.5,0,1624684.5
"187",2016-07-01,"Spain (ES)",131746.5,150386,0,2057483.5,1685950.5,103839.5,0,0,0,318399.5,846555,2592544.5,20377,30088,833451.5,112427,0,1742456
"188",2016-08-01,"Spain (ES)",140261,167340.5,0,1793311.5,1544615.5,103631.5,0,0,0,274121.5,795842.5,2580479,20984.5,29409,803129,111642,0,1816337
"189",2016-09-01,"Spain (ES)",129433.5,240371.5,0,1881563.5,1923213,100217,0,0,0,216321,658896,2508570.5,19918.5,31335.5,641082,111609.5,0,1336536.5
"190",2016-10-01,"Spain (ES)",125423.5,284667.5,0,2525628,1863112.5,101487.5,0,0,0,166382.5,747124,2550071.5,20424.5,31827,401831,109533.5,0,1193658.5
"191",2016-11-01,"Spain (ES)",127303.5,299674.5,0,2621378.5,1943286,96017,0,0,0,256669,626996,1884887.5,20560.5,32326,262254.5,104958.5,0,1931592.5
"192",2016-12-01,"Spain (ES)",124883,312295,0,2586362.5,2202624.5,99065.5,0,0,0,237823.5,810754,2167313,21167.5,34132,235359,108234.5,0,1350518
"193",2017-01-01,"Spain (ES)",130675.5,285541,0,2446123.5,2295841,100696.5,0,0,0,238482.5,940577,2635732,21076,37043.5,298989,112941,0,2390351.5
"194",2017-02-01,"Spain (ES)",120932,190195.5,0,1642833,1470344.5,94426.5,0,0,0,408745.5,702493,2376344.5,20067,30891.5,250303,97143,0,2429704
"195",2017-03-01,"Spain (ES)",106150.5,73122.5,0,1687115,809707,112111,0,0,0,450312.5,1005539.5,2626661.5,22012.5,35700,488822.5,102181.5,0,2351478
"196",2017-04-01,"Spain (ES)",87993,93953,0,1517485,842625.5,92138.5,0,0,0,372624,659859,2461137.5,12125.5,34987,650980,105782,0,2064132.5
"197",2017-05-01,"Spain (ES)",121186.5,162974,0,1701140.5,1601555.5,106420.5,0,0,0,367084,654585.5,2069393.5,17616,36960,714727,107744,0,1720898
"198",2017-06-01,"Spain (ES)",123041.5,185031,0,2528597.5,1970461,107972.5,0,0,0,305779,540715,2025553.5,19519.5,34328.5,781393.5,110040.5,0,1571746.5
"199",2017-07-01,"Spain (ES)",141976.5,261432,0,2866017,1775496,115049.5,0,0,0,245054.5,392922,2195320.5,10095,33643,828492.5,116117.5,0,1655123
"200",2017-08-01,"Spain (ES)",135630,199277.5,0,2644514,1306567,116294,0,0,0,199571.5,392558.5,2544413,16843,33933.5,725810.5,116939.5,0,1631928
"201",2017-09-01,"Spain (ES)",132212.5,227483.5,0,2520152,1204831.5,113902.5,0,0,0,164579,483713.5,2370041,19910.5,33880.5,677190.5,111323,0,1397297.5
"202",2017-10-01,"Spain (ES)",128613,245263,0,2926884.5,1727081.5,107925.5,0,0,0,144153.5,346726,2168305.5,20608,36171,510134,111635.5,0,1555753.5
"203",2017-11-01,"Spain (ES)",131225,245924.5,0,3300686.5,2104749,111601.5,0,0,0,162441,400160.5,1808199.5,16372.5,33103.5,351638.5,96671.5,0,1933140
"204",2017-12-01,"Spain (ES)",131643,213852,0,2573259,1874229,112387,0,0,0,306830,503194.5,2514971,19546,34550,270426.5,115230,0,2863430
"205",2018-01-01,"Spain (ES)",121245,137315,0,2176398.5,1398685.5,111532,0,0,0,426112.5,836214.5,2546265,19791.5,35577,267037,116625,0,2643231.5
"206",2018-02-01,"Spain (ES)",127784,175987,0,1915359.5,1585479,100917.5,0,0,0,401576,913037,2293271,20188.5,32442,361346,105859,0,2330940
"207",2018-03-01,"Spain (ES)",114006,16486,0,1617265,664591.5,108800.5,0,0,0,616580.5,1761032,2244385.5,19579.5,36545.5,404082.5,113249,0,3844838
"208",2018-04-01,"Spain (ES)",93397,0,0,1537349.5,702529.5,91368.5,0,0,0,652469,1839600.5,1911564,8407,34229,511431.5,111817.5,0,2211128
"209",2018-05-01,"Spain (ES)",117903,58523,0,1961698.5,1089199.5,102711.5,0,0,0,592962,1191506.5,1873150,21891.5,38165.5,643521.5,89220.5,0,1626093.5
"210",2018-06-01,"Spain (ES)",125919.5,121063,0,2121010,1037109.5,102438.5,0,0,0,577032,1264529.5,1805680.5,19330,37156.5,676391,96558,0,1288674
"211",2018-07-01,"Spain (ES)",138298.5,221239.5,0,2165291,1544169,105076.5,0,0,0,422017,1090333.5,2253512.5,21583.5,35967,891452,113091,0,1240902.5
"212",2018-08-01,"Spain (ES)",134569,141618.5,0,2356669.5,1632458,104961,0,0,0,317812,770550.5,2574207.5,20686.5,35613,761844.5,115982,0,1526920
"213",2018-09-01,"Spain (ES)",134148,247982.5,0,2113538.5,1826702,104112,0,0,0,258953.5,744777,2510898,17928,36449.5,588019,113865,0,1193822
"214",2018-10-01,"Spain (ES)",121951.5,173916,0,2327490.5,1535910.5,110402,0,0,0,231940,634125.5,2579334,22533,37472,424765,117437.5,0,2135280.5
"215",2018-11-01,"Spain (ES)",122663,142489,0,2649446,1820575,96755.5,0,0,0,414548.5,761326,1903951.5,20413.5,33987,218870.5,107549.5,0,2257507.5
"216",2018-12-01,"Spain (ES)",123609.5,108736,0,2539483,1333744,96860.5,0,0,0,446393,898354.5,2140435,21675.5,35122.5,263114.5,107052.5,0,2158272
"217",2016-01-01,"Finland (FI)",393048,0,0,296678,547403.5,1490,268838,0,0,648083.5,0,1032604.5,114419,15280.5,0,20024,0,101020.5
"218",2016-02-01,"Finland (FI)",352633.5,0,0,249408,338168.5,613.5,170777.5,0,0,647621.5,0,964637,75406.5,15248.5,0,18075.5,0,108054
"219",2016-03-01,"Finland (FI)",380980.5,0,0,235854,343597.5,767,166686,0,0,651019,0,1029426,78022.5,15733.5,0,15442.5,0,108673
"220",2016-04-01,"Finland (FI)",321690,0,0,132189,286916.5,1020,183880.5,0,0,652634.5,0,919473.5,67771.5,13343,0,8079.5,0,93045.5
"221",2016-05-01,"Finland (FI)",275997.5,0,0,53053,181377.5,1460,126710.5,0,0,736245,0,750483.5,62047,13500.5,0,3826.5,0,69480.5
"222",2016-06-01,"Finland (FI)",251779.5,0,0,53885,133070.5,643,80094,0,0,591372.5,0,844264,58268.5,14143.5,0,10038.5,0,92020
"223",2016-07-01,"Finland (FI)",274491,0,0,75419.5,79468.5,1288.5,44378,0,0,553664,0,992413.5,57605.5,18403.5,0,11868.5,0,69658.5
"224",2016-08-01,"Finland (FI)",280222.5,0,0,82481,119000,829.5,73724,0,0,645481,0,850121,59758,15441.5,0,9136.5,0,139413
"225",2016-09-01,"Finland (FI)",206312.5,0,0,80791.5,171158.5,747,129990,0,0,628862.5,0,779119,59465.5,15947.5,0,8878,0,109316
"226",2016-10-01,"Finland (FI)",278761,0,0,146687,437443.5,628.5,216950.5,0,0,531601.5,0,969601,69640,15795.5,0,12613,0,105834
"227",2016-11-01,"Finland (FI)",323889,0,0,299519.5,500012.5,510,245952.5,0,0,429978,0,992049,49519,16281,0,14337,0,182554.5
"228",2016-12-01,"Finland (FI)",343635.5,0,0,285266,415001,837.5,224520,0,0,470972,0,981651,42631,16855,0,17197,0,247463.5
"229",2017-01-01,"Finland (FI)",346327.5,0,0,348471,386451,1035,220830,0,0,547022,0,1001668,64712,16597.5,0,9392.5,0,260096
"230",2017-02-01,"Finland (FI)",325973.5,0,0,302061.5,361808.5,348,229318,0,0,474187,0,929480,127793,15289,0,13386,0,129228
"231",2017-03-01,"Finland (FI)",359327,0,0,268545.5,380046.5,1829.5,195538.5,0,0,497175.5,0,1032239.5,111239.5,15545.5,0,8315.5,0,202860
"232",2017-04-01,"Finland (FI)",303128,0,0,164824,308462,472.5,182223,0,0,427804,0,899402,26955.5,15361.5,0,6760.5,0,148564
"233",2017-05-01,"Finland (FI)",255069,0,0,100453.5,286400,458.5,163581,0,0,612489,0,758721.5,21039,10551.5,0,7435,0,130963
"234",2017-06-01,"Finland (FI)",249859,0,0,70981.5,168966.5,496.5,67662.5,0,0,644380,0,666316.5,15492.5,15608.5,0,9041.5,0,121986
"235",2017-07-01,"Finland (FI)",277330.5,0,0,79709,82341,589.5,60390,0,0,594760.5,0,807714.5,31835,16391.5,0,12384.5,0,103390.5
"236",2017-08-01,"Finland (FI)",262002,0,0,90139.5,51998.5,701.5,73233,0,0,524332,0,860344.5,34930,13632,0,10208,0,163865
"237",2017-09-01,"Finland (FI)",239894.5,0,0,97656.5,147253,484.5,73448.5,0,0,694710,0,872617,37900.5,12297.5,0,4892.5,0,111553.5
"238",2017-10-01,"Finland (FI)",294680.5,0,0,142033.5,238469,874.5,155119,0,0,656711.5,0,918273.5,25866.5,16022.5,0,7413,0,170346
"239",2017-11-01,"Finland (FI)",304517,0,0,128544,239519.5,667.5,195663.5,0,0,598896.5,0,999299.5,34519,15153.5,0,7450.5,0,255433
"240",2017-12-01,"Finland (FI)",332249.5,0,0,276428,270248,718,200953,0,0,609422.5,0,1034406,34085,15002.5,0,9077,0,259841
"241",2018-01-01,"Finland (FI)",343535.5,0,0,305493,333297.5,597,231402,0,0,700193,0,1037737,51939,15476.5,0,7619,0,226463.5
"242",2018-02-01,"Finland (FI)",338088,0,0,322751,380848.5,623.5,236258,0,0,658396.5,0,937372.5,100823.5,13462,0,4108,0,202866.5
"243",2018-03-01,"Finland (FI)",357599.5,0,0,351110,474613,585,243934,0,0,633520.5,0,1030330,144791,13944.5,0,5492.5,0,210399
"244",2018-04-01,"Finland (FI)",241541,0,0,138858.5,260144,584.5,197908,0,0,589014.5,0,908439,46363,14816.5,0,9383.5,0,149500
"245",2018-05-01,"Finland (FI)",208510,0,0,80441.5,136507.5,802,111614.5,0,0,751746.5,0,755487,36897,13278,0,10658.5,0,200350
"246",2018-06-01,"Finland (FI)",192361.5,0,0,73917,121837,524.5,95381.5,0,0,428881.5,0,741268,32639,12237,0,3886,0,233480
"247",2018-07-01,"Finland (FI)",215426,0,0,85442,206928,892.5,121397.5,0,0,364757.5,0,947161.5,73356.5,14988.5,0,11372,0,129121.5
"248",2018-08-01,"Finland (FI)",207378,0,0,173362,103067.5,502,129606.5,0,0,334179,0,848349,45598.5,12453,0,12902,0,231138.5
"249",2018-09-01,"Finland (FI)",212242,0,0,207061,111718.5,438.5,158073.5,0,0,380722,0,797284,37871.5,12321.5,0,10454,0,288575
"250",2018-10-01,"Finland (FI)",281656.5,0,0,208761,197214.5,1321.5,181179,0,0,485500.5,0,905795,23979,12927.5,0,9039.5,0,277048
"251",2018-11-01,"Finland (FI)",294578,0,0,230828,294475.5,1067,197971.5,0,0,465572.5,0,996155.5,43141,12894.5,0,13768.5,0,323152.5
"252",2018-12-01,"Finland (FI)",309802,0,0,321950.5,364864,719,232963,0,0,466925,0,1036835.5,64590,15071.5,0,22616,0,221029
"253",2016-01-01,"France (FR)",95613.5,0,0,1832844.5,369483.5,151727,0,0,248278,1850611.5,618872,20612020.5,0,0,134780,27515,0,1295929.5
"254",2016-02-01,"France (FR)",99508,0,0,1499785,206904.5,123408.5,0,0,237941,2161245.5,906673.5,18600250,0,0,202079,25166,0,1334129
"255",2016-03-01,"France (FR)",111034,0,0,1703969.5,384024,106915,0,0,242302.5,2056866.5,883286.5,18525687,0,0,326650,32675,0,1135128
"256",2016-04-01,"France (FR)",108780,0,0,948344.5,235744,62483,0,0,186562.5,2261635,711139,15474518,0,0,387178,29790.5,0,784863.5
"257",2016-05-01,"France (FR)",111695.5,0,0,601523.5,68532,57446,0,0,241625,2403062.5,469653.5,14662982.5,0,0,453002.5,73600.5,0,730658
"258",2016-06-01,"France (FR)",103413.5,0,0,645083.5,68756.5,50874,0,0,244486,2402624.5,754628.5,14186945,0,0,439364.5,68315,0,514043.5
"259",2016-07-01,"France (FR)",110121,0,0,825757,85607.5,58344.5,0,0,198339.5,1879735,559158.5,14108459,0,0,526803.5,96860,0,493204.5
"260",2016-08-01,"France (FR)",101749,0,0,909977.5,70114,53036.5,0,0,228146.5,1329786,448850,13475252,0,0,511159,90916.5,0,565384
"261",2016-09-01,"France (FR)",92428,0,0,1583255,381559.5,73241,0,0,176804.5,1041805,484158.5,13103849,0,0,390351.5,91381,0,483438
"262",2016-10-01,"France (FR)",94941.5,0,0,1874235,469446,117232,0,0,182795.5,891023.5,428335.5,14212505.5,0,0,278731.5,90281,0,654426
"263",2016-11-01,"France (FR)",108665.5,0,0,2543676.5,584480.5,188863.5,0,0,176079.5,1504952,398162,15480564,0,0,167578,102833,0,1058861
"264",2016-12-01,"France (FR)",108126.5,0,0,2914403,653437.5,130982,0,0,194075,1254769.5,817586,18261694.5,0,0,165802,104739,0,723040
"265",2017-01-01,"France (FR)",114639.5,0,0,2909383.5,850378,360525,0,0,243710.5,1343109,1056364.5,20178949.5,0,0,183766.5,106705,0,954147
"266",2017-02-01,"France (FR)",99390.5,0,0,2459772,474984.5,130487.5,0,0,203387,1530880.5,466795,16784686.5,0,0,220192,85494.5,0,1179855.5
"267",2017-03-01,"France (FR)",103618,0,0,2287894.5,192613.5,96189,0,0,244911,2155279.5,614970.5,17060908.5,0,0,356911.5,93249,0,1224365
"268",2017-04-01,"France (FR)",112925,0,0,1330726,323885,48201,0,0,218732.5,1493756.5,359517.5,15829461.5,0,0,516405,79978,0,717576
"269",2017-05-01,"France (FR)",112152.5,0,0,869343.5,260526,48814.5,0,0,236069.5,1990464.5,538417.5,15029418,0,0,528459,89203,0,725708.5
"270",2017-06-01,"France (FR)",159246,0,0,770848,176113,65178.5,0,0,218751.5,1787191,528849,13409502,0,0,549532,85451.5,0,723935.5
"271",2017-07-01,"France (FR)",174600.5,0,0,1114219,433447,53815.5,0,0,201345.5,1370582.5,409760,14037282.5,0,0,522276.5,98678,0,816183
"272",2017-08-01,"France (FR)",142329.5,0,0,827046.5,101022,49257.5,0,0,188079.5,1182546,388563.5,14259775.5,0,0,501417.5,89557,0,615518
"273",2017-09-01,"France (FR)",129302.5,0,0,1121189,288072,53787.5,0,0,147862,997332.5,395387.5,14634395,0,0,387336,92461,0,807852.5
"274",2017-10-01,"France (FR)",143213,0,0,1923894,609085.5,89269.5,0,0,193303,816366.5,355260,13999044,0,0,334835,56869.5,0,994904
"275",2017-11-01,"France (FR)",130505.5,0,0,2498193,715174,117408,0,0,254020.5,1156039.5,545894,15135362,0,0,210365.5,82312,0,1093531.5
"276",2017-12-01,"France (FR)",102992,0,0,2359540.5,416532,101934,0,0,250947.5,1731649,588345.5,18641169,0,0,140868.5,94330.5,0,1563373
"277",2018-01-01,"France (FR)",105613.5,0,0,1459244.5,156505,78993.5,0,0,257334,2311964,940792.5,20311036,0,0,152313.5,96936.5,0,1828296
"278",2018-02-01,"France (FR)",171212.5,0,0,2316904.5,498239,123166,0,0,265335,2089547.5,1106516,18147339.5,0,0,244212,81009,0,1290493.5
"279",2018-03-01,"France (FR)",163027,0,0,1862468.5,417696,105536.5,0,0,242926.5,2235853.5,917169.5,17760094,0,0,349506.5,91481,0,1443411.5
"280",2018-04-01,"France (FR)",201848,0,0,419585.5,125308.5,64287,0,0,191748,2375045,745216.5,15245638.5,0,0,462428,74076,0,1032755
"281",2018-05-01,"France (FR)",144661.5,0,0,306198.5,79214.5,65650.5,0,0,218931.5,2627066,842245,15226729.5,0,0,528835,81070.5,0,790066
"282",2018-06-01,"France (FR)",109882.5,0,0,365979,136667,64629,0,0,204147.5,2506788,939714,14252412.5,0,0,569777,78405.5,0,680739.5
"283",2018-07-01,"France (FR)",146985.5,0,0,959525,292199.5,61692,0,0,205348.5,1659504,731423.5,14933413,0,0,666039,93897,0,574916
"284",2018-08-01,"France (FR)",133251,0,0,899112,251718,69235.5,0,0,202526,1189295,513030,13601346.5,0,0,615104,88209,0,709294.5
"285",2018-09-01,"France (FR)",166913,0,0,813256,173364.5,60040.5,0,0,188026.5,890796,440653.5,14995358.5,0,0,537713.5,76608,0,797259
"286",2018-10-01,"France (FR)",152950,0,0,1360175,395266.5,71531.5,0,0,248331.5,765939.5,440407,15742346.5,0,0,362437,71693,0,1195343.5
"287",2018-11-01,"France (FR)",124229.5,0,0,2286881,261999,101282.5,0,0,244741.5,1064517.5,647931,16273737.5,0,0,208899,88668,0,1337156.5
"288",2018-12-01,"France (FR)",123655.5,0,0,1908340.5,111691.5,83217.5,0,0,238766.5,1701094,571321,19327899.5,0,0,164496,90108.5,0,1721276
"289",2016-01-01,"Ireland (IE)",0,0,0,595793.5,435710,123046,226907,0,73965.5,126664,0,0,3553.5,0,0,0,0,780623
"290",2016-02-01,"Ireland (IE)",0,0,0,596456.5,401982.5,177870.5,222292,0,68048,113070,0,0,1651.5,0,0,0,0,639757.5
"291",2016-03-01,"Ireland (IE)",0,0,0,684241.5,495299,180107,226452.5,0,70610,85578.5,0,0,3439,0,0,0,0,506728.5
"292",2016-04-01,"Ireland (IE)",0,0,0,815361,454877.5,219759.5,167559.5,0,65149.5,61046,0,0,3814.5,0,0,0,0,454355.5
"293",2016-05-01,"Ireland (IE)",0,0,0,976249,311087,200975,206506.5,0,67782.5,20799.5,0,0,2000.5,0,0,0,0,347188
"294",2016-06-01,"Ireland (IE)",0,0,0,824501,463602,286793,146338.5,0,50660,11851,0,0,2172,0,0,0,0,309825
"295",2016-07-01,"Ireland (IE)",0,0,0,945640.5,429327,263205.5,195190,0,64634,24330,0,0,1309.5,0,0,0,0,350623
"296",2016-08-01,"Ireland (IE)",0,0,0,880656,225816,238505.5,236667,0,73417,22875,0,0,3087.5,0,0,0,0,498336
"297",2016-09-01,"Ireland (IE)",0,0,0,676710,182962.5,221678,225881,0,74810,39527.5,0,0,1596,0,0,0,0,535348
"298",2016-10-01,"Ireland (IE)",0,0,0,844130,457720.5,23168,220636,0,70466.5,37095.5,0,0,1524.5,0,0,0,0,448346.5
"299",2016-11-01,"Ireland (IE)",0,0,0,832146.5,466139.5,209716.5,224408,0,70825,43096,0,0,960,0,0,0,0,501590.5
"300",2016-12-01,"Ireland (IE)",0,0,0,858550.5,360454.5,178941.5,207571.5,0,75162,50266,0,0,2000,0,0,0,0,692136.5
"301",2017-01-01,"Ireland (IE)",0,0,0,845791.5,525566.5,227617,232538,0,73816.5,50053,0,0,2425,0,0,0,0,657156
"302",2017-02-01,"Ireland (IE)",0,0,0,641753,426993,158686,205415.5,0,64901,46896,0,0,1546.5,0,0,0,0,818567.5
"303",2017-03-01,"Ireland (IE)",0,0,0,716883.5,348733,244615.5,199227.5,0,73089,103236,0,0,1739,0,0,0,0,745338
"304",2017-04-01,"Ireland (IE)",0,0,0,847160,334188.5,208078,177963,0,66573.5,34136.5,0,0,832.5,0,0,0,0,433143
"305",2017-05-01,"Ireland (IE)",0,0,0,766624,340758.5,146939.5,198174,0,71499.5,10479,0,0,904.5,0,0,0,0,442579
"306",2017-06-01,"Ireland (IE)",0,0,0,702620,165144,255376,157299.5,0,69104.5,18179,0,0,1828.5,0,0,0,0,557059.5
"307",2017-07-01,"Ireland (IE)",0,0,0,822389.5,158530,269657,225230.5,0,35753.5,12031.5,0,0,2034,0,0,0,0,405632
"308",2017-08-01,"Ireland (IE)",0,0,0,887512,131246,269808.5,218947.5,0,0,37123.5,0,0,1027.5,0,0,0,0,442215
"309",2017-09-01,"Ireland (IE)",0,0,0,728691.5,220157.5,248649,175021,0,0,60853,0,0,1046.5,0,0,0,0,593474.5
"310",2017-10-01,"Ireland (IE)",0,0,0,784115.5,187308,239769,153859.5,0,3526,87787,0,0,536.5,0,0,0,0,713064.5
"311",2017-11-01,"Ireland (IE)",0,0,0,707977.5,328919.5,247696.5,178127.5,0,22598,81223,0,0,1185.5,0,0,0,0,596687
"312",2017-12-01,"Ireland (IE)",0,0,0,687487.5,429101,192674.5,221177,0,23391.5,99925.5,0,0,1033.5,0,0,0,0,798860
"313",2018-01-01,"Ireland (IE)",0,0,0,628161.5,272493.5,196422,193237.5,0,25023,133478.5,0,0,261,0,0,0,0,1126597
"314",2018-02-01,"Ireland (IE)",0,0,0,554736,375921.5,218398.5,181474.5,0,21950.5,104516,0,0,598,0,0,0,0,834003.5
"315",2018-03-01,"Ireland (IE)",0,0,0,628282,469816,237541.5,165146,0,57979,69693.5,0,0,1318,0,0,0,0,772152
"316",2018-04-01,"Ireland (IE)",0,0,0,698717.5,252321,196395.5,191310.5,0,60881.5,62546,0,0,787.5,0,0,0,0,719178
"317",2018-05-01,"Ireland (IE)",0,0,0,820444.5,177278,273321.5,230046.5,0,64851,29550.5,0,0,786.5,0,0,0,0,509714.5
"318",2018-06-01,"Ireland (IE)",0,0,0,952745.5,159159.5,286001,157600,0,39773,7232,0,0,797.5,0,0,0,0,328875.5
"319",2018-07-01,"Ireland (IE)",0,0,0,1074466.5,165192,293532.5,119813.5,0,46765.5,862.5,0,0,1146,0,0,0,0,341186.5
"320",2018-08-01,"Ireland (IE)",0,0,0,944872.5,127233.5,275413,143851.5,0,61767,14614,0,0,3199,0,0,0,0,562951
"321",2018-09-01,"Ireland (IE)",0,0,0,801096,125674,217404,185720,0,64197,18238.5,0,0,1564,0,0,0,0,659308.5
"322",2018-10-01,"Ireland (IE)",0,0,0,862006.5,2102,7503.5,237820,0,60415,25328,0,0,1940,0,0,0,0,758809
"323",2018-11-01,"Ireland (IE)",0,0,0,782698,1314.5,9808.5,219376,0,62458.5,55658,0,0,2391,0,0,0,0,1060125
"324",2018-12-01,"Ireland (IE)",0,0,0,685028,3578.5,11482,207618.5,0,64143.5,118390,0,0,2242.5,0,0,0,0,1001775.5
"325",2016-01-01,"Italy (IT)",102275.5,0,86311,2854043,559514.5,128495.5,0,252509.5,77801.5,814567.5,179770,0,3943610.5,0,402819,14939.5,0,953361
"326",2016-02-01,"Italy (IT)",93011,0,81357.5,2319379,390072.5,83231,0,235366.5,89942.5,930027.5,206836.5,0,3614625.5,0,467585.5,15766.5,0,1076047
"327",2016-03-01,"Italy (IT)",101586,0,69184,2226434,309170.5,109098.5,0,251524,111510,1125067,245424.5,0,3792435.5,0,713951,16531.5,0,830063
"328",2016-04-01,"Italy (IT)",95258.5,0,92334,1746633,407422,40272,0,241112.5,131286.5,1415782.5,238308,0,3147433,0,891234.5,17316.5,0,783956.5
"329",2016-05-01,"Italy (IT)",97312.5,0,92657.5,1791679.5,398375.5,35326.5,0,247914.5,119657.5,1613137,248360,0,3357553.5,0,1006281,12754,0,832817
"330",2016-06-01,"Italy (IT)",95135,0,84979.5,1898135,380856.5,26915.5,0,240461.5,153820,2198280,361283.5,0,3103571.5,0,1017973,17383.5,0,558751
"331",2016-07-01,"Italy (IT)",106894,0,85407.5,2689730.5,426760.5,38256,0,243256.5,146178,1803675,457850.5,0,3951254,0,1097225,17383,0,428126.5
"332",2016-08-01,"Italy (IT)",112084.5,0,88758,2190314,432743,47414.5,0,248361,163113.5,1471598,326303,0,3365040,0,1062625,18660.5,0,572165
"333",2016-09-01,"Italy (IT)",108775.5,0,81813,3119946.5,407532,50601.5,0,238195,132477.5,1081787.5,276681.5,0,4027637.5,0,822951,18663.5,0,416121.5
"334",2016-10-01,"Italy (IT)",110396,0,85772,2941663.5,460944.5,27456,0,246663,116647.5,960107.5,207635,0,4440449.5,0,605191.5,13117,0,613964.5
"335",2016-11-01,"Italy (IT)",94550.5,0,58847,3308906.5,399005.5,22969.5,0,233039.5,160834.5,1157666.5,223817,0,4365602,0,409043.5,11526,0,752054.5
"336",2016-12-01,"Italy (IT)",99376.5,0,82065,3456635,440318,23634.5,0,248290.5,159013,922160,205077.5,0,4883805,0,394435.5,14946,0,745831
"337",2017-01-01,"Italy (IT)",111700.5,0,73988.5,3774865.5,505404,74624.5,0,251900,125726.5,890423,279087,0,5036924,0,430298,15848,0,908295.5
"338",2017-02-01,"Italy (IT)",94879.5,0,83580,2880631.5,397348,16814,0,227335,97485.5,762795,204431.5,0,4064461,0,476898.5,13112.5,0,772873
"339",2017-03-01,"Italy (IT)",104506,0,95049.5,2529955.5,303446,3253.5,0,250903,89050.5,955282.5,202328,0,3351499,0,916174,14119.5,0,986821.5
"340",2017-04-01,"Italy (IT)",105786,0,59381,2252230.5,388960.5,20027,0,239521,94850,1145386,172881,0,3236343,0,1007796.5,12100,0,688321
"341",2017-05-01,"Italy (IT)",104393,0,22084.5,2210518,513523.5,16156,0,243944.5,66952.5,1653095,238520,0,3354851.5,0,1128197.5,9910.5,0,624111.5
"342",2017-06-01,"Italy (IT)",120064.5,0,72939.5,2767017,552020,68415,0,236615.5,113744,1763770.5,346244.5,0,3679498.5,0,1134990.5,16839,0,460015
"343",2017-07-01,"Italy (IT)",155859,0,91306.5,3301693.5,1151823.5,96251.5,0,246523,131100.5,1545394,403874,0,2977117,0,1172690,16648,0,608486.5
"344",2017-08-01,"Italy (IT)",159429,0,92935,3004682,1152918.5,86366.5,0,239043.5,143046.5,1307481,377604.5,0,2763822,0,1155596,16327.5,0,519385
"345",2017-09-01,"Italy (IT)",152330.5,0,82677,2743896.5,1209560,56149,0,231401,124092,1264760,284359.5,0,2522777,0,879169,16384.5,0,675438.5
"346",2017-10-01,"Italy (IT)",133719,0,57266,2938594.5,1352594,80837.5,0,240111.5,88651.5,816549,162941.5,0,3087566,0,771445.5,15295.5,0,635147.5
"347",2017-11-01,"Italy (IT)",130081,0,84089,4004673.5,1280951,69039.5,0,238337,116907.5,716046,176026,0,3053231.5,0,428719.5,13408,0,749418
"348",2017-12-01,"Italy (IT)",134614,0,87503.5,3569860.5,1270575.5,68548,0,249106,116737.5,840137.5,167150,0,2916284,0,375082,15346,0,1122499
"349",2018-01-01,"Italy (IT)",158702,0,77150.5,3320699.5,1146642.5,66253,0,247521.5,110042.5,951796,222996.5,0,2781315,0,410996.5,16090,0,985489
"350",2018-02-01,"Italy (IT)",140807.5,0,72115,3183641,1137096,54448.5,0,222655.5,100764,910774,240837,0,2700990,0,409938.5,13527.5,0,858022
"351",2018-03-01,"Italy (IT)",144016.5,0,90410,2793820.5,1282858,67215,0,245389,134308.5,1135042,297983,0,2673649.5,0,586416,12764.5,0,1217617
"352",2018-04-01,"Italy (IT)",142762,0,38310,2090029,763801,41528.5,0,238281,151501.5,1769941.5,344538,0,2194986,0,894760.5,15149.5,0,620035.5
"353",2018-05-01,"Italy (IT)",148950,0,95648,2069772.5,893949.5,51255,0,242841,164573,2481620,503686.5,0,2323429,0,958953.5,8853,0,453121
"354",2018-06-01,"Italy (IT)",143447,0,77138.5,2454869,863033,18950,0,232461,164064,2272098,490585,0,2264696,0,1086672,15336,0,705988
"355",2018-07-01,"Italy (IT)",137977,0,91240,3465587.5,1190001.5,22696,0,234647.5,135191.5,1789971.5,488178.5,0,2580753,0,1179610.5,13793,0,612033
"356",2018-08-01,"Italy (IT)",143789,0,90991.5,3354491,1061977.5,27021.5,0,235659.5,136607,1492827,447983,0,2569355,0,1064496,13757,0,371861
"357",2018-09-01,"Italy (IT)",134284,0,81470.5,3547880,1233373.5,51998.5,0,232032.5,115392.5,1195147,326576,0,2666599.5,0,920508.5,14865,0,473701
"358",2018-10-01,"Italy (IT)",153719.5,0,73229,3483165.5,1211455.5,31509.5,0,241363.5,92226.5,1015401,243897.5,0,2561341.5,0,639450,13132,0,748080
"359",2018-11-01,"Italy (IT)",139879.5,0,38855.5,3699567.5,1043219.5,27165.5,0,233625,147133.5,1677062,381193.5,0,2570086,0,378192,13688,0,683643.5
"360",2018-12-01,"Italy (IT)",156639.5,0,142102.5,3779028.5,1090635,27286,0,243609,145007,1233370.5,299150.5,0,1864018,0,366972,14819,0,926360
"361",2016-01-01,"CTA|NIE",0,0,0,192897,97543,714,0,0,0,0,0,0,13.5,0,0,0,0,171874.5
"362",2016-02-01,"CTA|NIE",0,0,0,181141.5,95543,497,0,0,0,0,0,0,11.5,0,0,0,0,146378
"363",2016-03-01,"CTA|NIE",0,0,0,191018,90355.5,452,0,0,0,0,0,0,13.5,0,0,0,0,105826
"364",2016-04-01,"CTA|NIE",0,0,0,192690,91454,315,0,0,0,0,0,0,12.5,0,0,0,0,102619.5
"365",2016-05-01,"CTA|NIE",0,0,0,191590,84745.5,281.5,0,0,0,0,0,0,9.5,0,0,0,0,88287.5
"366",2016-06-01,"CTA|NIE",0,0,0,202239,60061.5,329.5,0,0,0,0,0,0,17.5,0,0,0,0,54393.5
"367",2016-07-01,"CTA|NIE",0,0,0,154691.5,88402,245,0,0,0,0,0,0,11.5,0,0,0,0,68965
"368",2016-08-01,"CTA|NIE",0,0,0,178530,57659.5,805.5,0,0,0,0,0,0,12,0,0,0,0,105647.5
"369",2016-09-01,"CTA|NIE",0,0,0,146612.5,73130.5,1437,0,0,0,0,0,0,67,0,0,0,0,123336.5
"370",2016-10-01,"CTA|NIE",0,0,0,161066.5,96924.5,4046,0,0,0,0,0,0,320.5,0,0,0,0,105088
"371",2016-11-01,"CTA|NIE",0,0,0,215699.5,99117,2829,0,0,0,0,0,0,66,0,0,0,0,98290.5
"372",2016-12-01,"CTA|NIE",0,0,0,195570.5,72890,639.5,0,0,0,0,0,0,57,0,0,0,0,196939.5
"373",2017-01-01,"CTA|NIE",0,0,0,209425,64960.5,379.5,0,0,0,0,0,0,13.5,0,0,0,0,166267.5
"374",2017-02-01,"CTA|NIE",0,0,0,148498.5,78901.5,427.5,0,0,0,0,0,0,11,0,0,0,0,186090
"375",2017-03-01,"CTA|NIE",0,0,0,177966,82554,671.5,0,0,0,0,0,0,9.5,0,0,0,0,156099.5
"376",2017-04-01,"CTA|NIE",0,0,0,225030,35986.5,298,0,0,0,0,0,0,12.5,0,0,0,0,141762
"377",2017-05-01,"CTA|NIE",0,0,0,212508.5,63585,85,0,0,0,0,0,0,10,0,0,0,0,126748
"378",2017-06-01,"CTA|NIE",0,0,0,219452.5,22820.5,640,0,0,0,0,0,0,27,0,0,0,0,154913.5
"379",2017-07-01,"CTA|NIE",0,0,0,255922,25659.5,258.5,0,0,0,0,0,0,15,0,0,0,0,124966
"380",2017-08-01,"CTA|NIE",0,0,0,251298.5,24472,665,0,0,0,0,0,0,33,0,0,0,0,132845
"381",2017-09-01,"CTA|NIE",0,0,0,165481.5,71033,1145,0,0,0,0,0,0,161.5,0,0,0,0,176245
"382",2017-10-01,"CTA|NIE",0,0,0,177898,47666,1031,0,0,0,0,0,0,91,0,0,0,0,243935
"383",2017-11-01,"CTA|NIE",0,0,0,191614.5,62858,169,0,0,0,0,0,0,14.5,0,0,0,0,187073.5
"384",2017-12-01,"CTA|NIE",0,0,0,156394,82662,167.5,0,0,0,0,0,0,7,0,0,0,0,220216.5
"385",2018-01-01,"CTA|NIE",0,0,0,171593.5,61396,96,0,0,0,0,0,0,59,0,0,0,0,298945
"386",2018-02-01,"CTA|NIE",0,0,0,156545,75792.5,57.5,0,0,0,0,0,0,19.5,0,0,0,0,212016
"387",2018-03-01,"CTA|NIE",0,0,0,162751.5,87052.5,407.5,0,0,0,0,0,0,82.5,0,0,0,0,225691
"388",2018-04-01,"CTA|NIE",0,0,0,131339,71640,1129,0,0,0,0,0,0,16,0,0,0,0,174799
"389",2018-05-01,"CTA|NIE",0,0,0,196693.5,30687,62,0,0,0,0,0,0,17.5,0,0,0,0,163161
"390",2018-06-01,"CTA|NIE",0,0,0,160435.5,53124.5,127.5,0,0,0,0,0,0,32.5,0,0,0,0,106222
"391",2018-07-01,"CTA|NIE",0,0,0,193182,28762,7,0,0,0,0,0,0,16,0,0,0,0,110217
"392",2018-08-01,"CTA|NIE",0,0,0,182543,34442,794,0,0,0,0,0,0,15.5,0,0,0,0,168804.5
"393",2018-09-01,"CTA|NIE",0,0,0,127533.5,45209.5,295,0,0,0,0,0,0,54,0,0,0,0,213753
"394",2018-10-01,"CTA|NIE",0,0,0,143374,47719.5,488.5,0,0,0,0,0,0,106,0,0,0,0,242690
"395",2018-11-01,"CTA|NIE",0,0,0,149080.5,50546,257,0,0,0,0,0,0,80,0,0,0,0,312421.5
"396",2018-12-01,"CTA|NIE",0,0,0,143095.5,49746.5,864,0,0,0,0,0,0,58,0,0,0,0,255227.5
"397",2016-01-01,"Netherlands (NL)",60842.5,0,0,6311675.5,5623620.5,0,0,0,0,0,0,728027,3562295,0,33.5,55736.5,316744.5,499926
"398",2016-02-01,"Netherlands (NL)",62569.5,0,0,5124665.5,5921622,0,0,0,0,0,0,680900,3190022.5,0,0,51769.5,251494.5,481894
"399",2016-03-01,"Netherlands (NL)",66832,0,0,5461364,6281630.5,0,0,0,0,0,0,726477,3207408.5,0,338,54838.5,227667.5,370147.5
"400",2016-04-01,"Netherlands (NL)",64808,0,0,4176107.5,5718189,0,0,0,0,0,0,688772,3143128,0,0,34400.5,225750.5,348501.5
"401",2016-05-01,"Netherlands (NL)",42483,0,0,3762057,5975350.5,0,0,0,0,0,0,270885.5,2814155.5,0,0,52180,280293,346983.5
"402",2016-06-01,"Netherlands (NL)",56606,0,0,4466589.5,5429423,0,0,0,0,0,0,233538.5,2413961,0,0,49809,186806,210277.5
"403",2016-07-01,"Netherlands (NL)",65131.5,0,0,4757646,4256718,0,0,0,0,0,0,686193,2900965.5,0,0,53187,277257.5,291377.5
"404",2016-08-01,"Netherlands (NL)",66429,0,0,5707469,4462361.5,0,0,0,0,0,0,700860.5,2712642,0,0,52150.5,386959.5,340929.5
"405",2016-09-01,"Netherlands (NL)",62280.5,0,0,6273327.5,6072767,0,0,0,0,0,0,676912.5,2818725.5,0,0,49415.5,378829.5,245432
"406",2016-10-01,"Netherlands (NL)",66391,0,0,7044063,6927104,0,0,0,0,0,0,685093.5,2843986,0,0,56430.5,571150,279278
"407",2016-11-01,"Netherlands (NL)",63613.5,0,0,6620651.5,6230990.5,0,0,0,0,0,0,701647.5,3308653.5,0,4806.5,49442,691936,500836
"408",2016-12-01,"Netherlands (NL)",30651.5,0,0,7167338.5,6360740,0,0,0,0,0,0,724536,3709015.5,0,0,56546.5,666493,514535
"409",2017-01-01,"Netherlands (NL)",34535,0,0,7678695,6341786,0,0,0,0,0,0,725537,4170473.5,0,0,56847,632184,428575.5
"410",2017-02-01,"Netherlands (NL)",29214,0,0,5439782.5,6413292,0,0,0,0,0,0,655300,3359153.5,0,0,52063.5,745226.5,606078.5
"411",2017-03-01,"Netherlands (NL)",32459.5,0,0,5959551.5,5336850.5,0,0,0,0,0,0,715619.5,3311024.5,0,332,40785.5,599810,545194
"412",2017-04-01,"Netherlands (NL)",29398.5,0,0,5926733.5,4158335,0,0,0,0,0,0,553214,3383263,0,0,44472.5,525549,361858.5
"413",2017-05-01,"Netherlands (NL)",11949,0,0,5657996.5,4479768,0,0,0,0,0,0,1,2970681.5,0,0,55995.5,460733,276772
"414",2017-06-01,"Netherlands (NL)",30567.5,0,0,5122973,5128234.5,0,0,0,0,0,0,0.5,2945828.5,0,0,51580.5,481735,406531.5
"415",2017-07-01,"Netherlands (NL)",35069,0,0,6385336.5,5059235,0,0,0,0,0,0,349223.5,3133698,0,0,53551,399788.5,316566
"416",2017-08-01,"Netherlands (NL)",30222,0,0,5180466,4260745,0,0,0,0,0,0,672391,2432378,0,0,49793,424972.5,279010
"417",2017-09-01,"Netherlands (NL)",28067.5,0,0,6344029,3521606.5,0,0,0,0,0,0,683685,2920086,0,162,13484,420447,325500.5
"418",2017-10-01,"Netherlands (NL)",37542,0,0,6539161.5,4594707.5,0,0,0,0,0,0,669967.5,3570455,0,1475,0,964138.5,738366.5
"419",2017-11-01,"Netherlands (NL)",33107,0,0,7624041,5404558.5,0,0,0,0,0,0,695316,3446980.5,0,350.5,50005.5,735139,518372.5
"420",2017-12-01,"Netherlands (NL)",24973,0,0,7590840.5,5307476.5,0,0,0,0,0,0,723452,3464282,0,0,52307,868641,724958
"421",2018-01-01,"Netherlands (NL)",25168.5,0,0,6332564.5,5674562,0,0,0,0,0,0,723628.5,3438047.5,0,0,125700,846809.5,753275
"422",2018-02-01,"Netherlands (NL)",22141,0,0,6797244.5,5502087,0,0,0,0,0,0,654151,3235210,0,0,140383,629034,480672.5
"423",2018-03-01,"Netherlands (NL)",24799,0,0,6292524.5,5298508,0,0,0,0,0,0,723475,3179436.5,0,0,118387.5,663404,560510
"424",2018-04-01,"Netherlands (NL)",15127,0,0,4316255.5,4771666.5,0,0,0,0,0,0,683976,2538578.5,0,0,122209,582330.5,387990
"425",2018-05-01,"Netherlands (NL)",25491.5,0,0,4500572.5,3655679.5,0,0,0,0,0,0,188077,2677283,0,0,145227,470366,313636.5
"426",2018-06-01,"Netherlands (NL)",3752,0,0,5771589,2898850.5,0,0,0,0,0,0,444694,2887950.5,0,143,157572,409293.5,297788.5
"427",2018-07-01,"Netherlands (NL)",12282,0,0,6596033.5,3722549.5,0,0,0,0,0,0,695574.5,3346079.5,0,0,111793.5,262574,237225.5
"428",2018-08-01,"Netherlands (NL)",11100,0,0,6810102,3982254.5,0,0,0,0,0,0,80114,3497040.5,0,0,153433,433275,311827
"429",2018-09-01,"Netherlands (NL)",12877,0,0,5723308.5,4530682.5,0,0,0,0,0,0,338142.5,3226231.5,0,0,142405,642515.5,404562.5
"430",2018-10-01,"Netherlands (NL)",31079.5,0,0,5982077.5,6002284,0,0,0,0,0,0,710417.5,3301259,0,0,151700.5,724349.5,547805.5
"431",2018-11-01,"Netherlands (NL)",22100.5,0,0,7587102.5,3922700.5,0,0,0,0,0,0,694850,3365993.5,0,336,118323,767998.5,678107
"432",2018-12-01,"Netherlands (NL)",12078.5,0,0,7280907,4421968,0,0,0,0,0,0,720427,3282395,0,0,144881.5,809930,873706.5
"433",2016-01-01,"Norway (NO)",0,0,0,139309,0,0,0,0,0,455167.5,7499997,0,2490,0,0,0,0,119885
"434",2016-02-01,"Norway (NO)",0,0,0,133019,0,0,0,0,0,421562.5,6398910,0,16722,0,0,0,0,97391
"435",2016-03-01,"Norway (NO)",0,0,0,137783,0,0,0,0,0,406126,6524102.5,0,17041.5,0,0,0,0,106574.5
"436",2016-04-01,"Norway (NO)",0,0,0,129726,0,0,0,0,0,484582,5155629.5,0,4921.5,0,0,0,0,75156
"437",2016-05-01,"Norway (NO)",0,0,0,128974.5,0,0,0,0,0,642987.5,4785810,0,6840,0,0,0,0,62711.5
"438",2016-06-01,"Norway (NO)",0,0,0,110062,0,0,0,0,0,578571.5,4646240,0,20485,0,0,0,0,60318.5
"439",2016-07-01,"Norway (NO)",0,0,0,125420.5,0,0,0,0,0,504792,4309443.5,0,28342,0,0,0,0,50273.5
"440",2016-08-01,"Norway (NO)",0,0,0,129179,0,0,0,0,0,513535,4362716,0,25756.5,0,0,0,0,61555
"441",2016-09-01,"Norway (NO)",0,0,0,94147.5,0,0,0,0,0,421231,4668006,0,0,0,0,0,0,75602
"442",2016-10-01,"Norway (NO)",0,0,0,119594,0,0,0,0,0,365281.5,5484763,0,203,0,0,0,0,85205
"443",2016-11-01,"Norway (NO)",0,0,0,123768.5,0,0,0,0,0,399413.5,5940778.5,0,2992,0,0,0,0,114057
"444",2016-12-01,"Norway (NO)",0,0,0,130518.5,0,0,0,0,0,451835.5,6298690.5,0,6230,0,0,0,0,149009
"445",2017-01-01,"Norway (NO)",0,0,0,129134,0,0,0,0,0,455112,6924364.5,0,11366.5,0,0,0,0,137076
"446",2017-02-01,"Norway (NO)",0,0,0,121327.5,0,0,0,0,0,334596,6031416.5,0,3831,0,0,0,0,100901
"447",2017-03-01,"Norway (NO)",0,0,0,131351.5,0,0,0,0,0,364868,5792183.5,0,3301.5,0,0,0,0,126243
"448",2017-04-01,"Norway (NO)",0,0,0,123442,0,0,0,0,0,436496,5113815,0,250,0,0,0,0,93769
"449",2017-05-01,"Norway (NO)",0,0,0,83660,0,0,0,0,0,540370.5,4849127.5,0,2759,0,0,0,0,71307.5
"450",2017-06-01,"Norway (NO)",0,0,0,106056.5,0,0,0,0,0,635769.5,4509301,0,4243,0,0,0,0,70892.5
"451",2017-07-01,"Norway (NO)",0,0,0,134014.5,0,0,0,0,0,464853.5,4549664,0,6392.5,0,0,0,0,55272.5
"452",2017-08-01,"Norway (NO)",0,0,0,132129,0,0,0,0,0,580555.5,4692160,0,11909.5,0,0,0,0,71735
"453",2017-09-01,"Norway (NO)",0,0,0,107742.5,0,0,0,0,0,472910.5,4353802.5,0,53801.5,0,0,0,0,84455
"454",2017-10-01,"Norway (NO)",0,0,0,133894.5,0,0,0,0,0,589859.5,5234919,0,38127,0,0,0,0,173407.5
"455",2017-11-01,"Norway (NO)",0,0,0,126688.5,0,0,0,0,0,481784.5,6059142,0,28879,0,0,0,0,169342.5
"456",2017-12-01,"Norway (NO)",0,0,0,129561.5,0,0,0,0,0,459147,6628536.5,0,25529,0,0,0,0,172568
"457",2018-01-01,"Norway (NO)",0,0,0,129610.5,0,0,0,0,0,433081.5,7057616.5,0,24693.5,0,0,0,0,172658
"458",2018-02-01,"Norway (NO)",0,0,0,117371.5,0,0,0,0,0,347561.5,6782329.5,0,28381,0,0,0,0,134230
"459",2018-03-01,"Norway (NO)",0,0,0,129470,0,0,0,0,0,308673.5,6432862,0,26587.5,0,0,0,0,148173
"460",2018-04-01,"Norway (NO)",0,0,0,126826.5,0,0,0,0,0,435405.5,4523138,0,55103.5,0,0,0,0,109747
"461",2018-05-01,"Norway (NO)",0,0,0,123492,0,0,0,0,0,622305.5,3998589,0,102353,0,0,0,0,105178
"462",2018-06-01,"Norway (NO)",0,0,0,122027,0,0,0,0,0,454134,4018268,0,77339.5,0,0,0,0,109330
"463",2018-07-01,"Norway (NO)",0,0,0,132656,0,0,0,0,0,249553,4140455,0,71923.5,0,0,0,0,76116.5
"464",2018-08-01,"Norway (NO)",0,0,0,135883.5,0,0,0,0,0,398577.5,4571848,0,19953.5,0,0,0,0,98811
"465",2018-09-01,"Norway (NO)",0,0,0,130594,0,0,0,0,0,467640,4687196,0,13663.5,0,0,0,0,173020.5
"466",2018-10-01,"Norway (NO)",0,0,0,122053.5,0,0,0,0,0,482635.5,5674881,0,49334,0,0,0,0,188697
"467",2018-11-01,"Norway (NO)",0,0,0,125738.5,0,0,0,0,0,449720.5,6033213.5,0,36720,0,0,0,0,172972
"468",2018-12-01,"Norway (NO)",0,0,0,135253,0,0,0,0,0,356935,6140573.5,0,58089,0,0,0,0,201337.5
"469",2016-01-01,"Sweden (SE)",0,0,0,0,0,0,0,0,0,0,3475352,3029940,600493.5,0,0,0,0,728890
"470",2016-02-01,"Sweden (SE)",0,0,0,0,0,0,0,0,0,0,3420965.5,2768555.5,496074,0,0,0,0,719003.5
"471",2016-03-01,"Sweden (SE)",0,0,0,0,0,0,0,0,0,0,3253404,3016581,428666.5,0,0,0,0,519150.5
"472",2016-04-01,"Sweden (SE)",0,0,0,0,0,0,0,0,0,0,2825945.5,2753221.5,283221.5,0,0,0,0,550370
"473",2016-05-01,"Sweden (SE)",0,0,0,0,0,0,0,0,0,0,2837252,2130726,184311.5,0,0,0,0,449805.5
"474",2016-06-01,"Sweden (SE)",0,0,0,0,0,0,0,0,0,0,2361508.5,1433121.5,121577,0,0,0,0,472520
"475",2016-07-01,"Sweden (SE)",0,0,0,0,0,0,0,0,0,0,1893774.5,2241047.5,105408.5,0,0,0,0,425136
"476",2016-08-01,"Sweden (SE)",0,0,0,0,0,0,0,0,0,0,1933447.5,2270267.5,96308.5,0,0,0,0,602558
"477",2016-09-01,"Sweden (SE)",0,0,0,0,0,0,0,0,0,0,2181985,2375850,117174.5,0,0,0,0,514193.5
"478",2016-10-01,"Sweden (SE)",0,0,0,0,0,0,0,0,0,0,2273528,2487442,308500,0,0,0,0,733148
"479",2016-11-01,"Sweden (SE)",0,0,0,0,0,0,0,0,0,0,2212815,2658312,510842.5,0,0,0,0,901441.5
"480",2016-12-01,"Sweden (SE)",0,0,0,0,0,0,0,0,0,0,2219470.5,3135133,553838,0,0,0,0,1181658
"481",2017-01-01,"Sweden (SE)",0,0,0,0,0,0,0,0,0,0,3138030.5,3353134.5,552838.5,0,0,0,0,991393
"482",2017-02-01,"Sweden (SE)",0,0,0,0,0,0,0,0,0,0,2777751.5,3064713.5,528305,0,0,0,0,685154.5
"483",2017-03-01,"Sweden (SE)",0,0,0,0,0,0,0,0,0,0,2743198,3278064,512908.5,0,0,0,0,856964
"484",2017-04-01,"Sweden (SE)",0,0,0,0,0,0,0,0,0,0,2380047.5,3080096,394046.5,0,0,0,0,726687.5
"485",2017-05-01,"Sweden (SE)",0,0,0,0,0,0,0,0,0,0,2346277,2841419.5,251303.5,0,0,0,0,544399.5
"486",2017-06-01,"Sweden (SE)",0,0,0,0,0,0,0,0,0,0,2084680,2221119.5,151284,0,0,0,0,658194
"487",2017-07-01,"Sweden (SE)",0,0,0,0,0,0,0,0,0,0,2589478,2140610,131094.5,0,0,0,0,512131
"488",2017-08-01,"Sweden (SE)",0,0,0,0,0,0,0,0,0,0,2693384.5,1818559,136256,0,0,0,0,544088.5
"489",2017-09-01,"Sweden (SE)",0,0,0,0,0,0,0,0,0,0,2960840.5,1559668.5,185037.5,0,0,0,0,484895
"490",2017-10-01,"Sweden (SE)",0,0,0,0,0,0,0,0,0,0,2785463.5,2085043.5,314711.5,0,0,0,0,910444
"491",2017-11-01,"Sweden (SE)",0,0,0,0,0,0,0,0,0,0,2963986.5,2877482,430566.5,0,0,0,0,812903
"492",2017-12-01,"Sweden (SE)",0,0,0,0,0,0,0,0,0,0,3047894,3195505,502061.5,0,0,0,0,927221.5
"493",2018-01-01,"Sweden (SE)",0,0,0,0,0,0,0,0,0,0,3437828.5,3108055.5,545431,0,0,0,0,784866
"494",2018-02-01,"Sweden (SE)",0,0,0,0,0,0,0,0,0,0,3403004,2897104,534541,0,0,0,0,558661.5
"495",2018-03-01,"Sweden (SE)",0,0,0,0,0,0,0,0,0,0,3366272,3185129,523105,0,0,0,0,586321.5
"496",2018-04-01,"Sweden (SE)",0,0,0,0,0,0,0,0,0,0,2527263,2772282.5,328921,0,0,0,0,604614
"497",2018-05-01,"Sweden (SE)",0,0,0,0,0,0,0,0,0,0,3094406.5,2407397,193639.5,0,0,0,0,491397
"498",2018-06-01,"Sweden (SE)",0,0,0,0,0,0,0,0,0,0,1961245.5,2663308.5,157803.5,0,0,0,0,651457
"499",2018-07-01,"Sweden (SE)",0,0,0,0,0,0,0,0,0,0,1601526,2699758,130839.5,0,0,0,0,313532
"500",2018-08-01,"Sweden (SE)",0,0,0,0,0,0,0,0,0,0,1825521,2305546.5,126588,0,0,0,0,647478.5
"501",2018-09-01,"Sweden (SE)",0,0,0,0,0,0,0,0,0,0,1943616.5,2039140.5,203444,0,0,0,0,956178.5
"502",2018-10-01,"Sweden (SE)",0,0,0,0,0,0,0,0,0,0,1986227.5,2936836,326970,0,0,0,0,968165.5
"503",2018-11-01,"Sweden (SE)",0,0,0,0,0,0,0,0,0,0,2783421,2761092.5,452715,0,0,0,0,779801
"504",2018-12-01,"Sweden (SE)",0,0,0,0,0,0,0,0,0,0,3126048,3118155,643015.5,0,0,0,0,807341.5
